{"cameraMode":{"drawMode":0,"name":"Shaded","section":"Shading Mode"},"sceneLighting":true,"audioPlay":false,"sceneViewState":{"m_AlwaysRefresh":false,"showFog":true,"showSkybox":true,"showFlares":true,"showImageEffects":true,"showParticleSystems":true,"showVisualEffectGraphs":true,"m_FxEnabled":false},"in2DMode":false,"pivot":{"x":165.61447143554688,"y":18.962631225585939,"z":56.01848602294922},"rotation":{"x":-0.4684489965438843,"y":0.008077951148152352,"z":-0.004428282845765352,"w":-0.8835670351982117},"size":97.57825469970703,"orthographic":false}