{"cameraMode":{"drawMode":0,"name":"Shaded","section":"Shading Mode"},"sceneLighting":true,"audioPlay":false,"sceneViewState":{"m_AlwaysRefresh":false,"showFog":true,"showSkybox":true,"showFlares":true,"showImageEffects":true,"showParticleSystems":true,"showVisualEffectGraphs":true,"m_FxEnabled":false},"in2DMode":false,"pivot":{"x":271.5964050292969,"y":-1.953582763671875,"z":102.24237060546875},"rotation":{"x":-0.39819416403770449,"y":0.00014184364408720285,"z":-0.0002014224446611479,"w":-0.9174217581748962},"size":89.63167572021485,"orthographic":true}