{"cameraMode":{"drawMode":0,"name":"Shaded","section":"Shading Mode"},"sceneLighting":false,"audioPlay":false,"sceneViewState":{"m_AlwaysRefresh":false,"showFog":true,"showSkybox":true,"showFlares":true,"showImageEffects":true,"showParticleSystems":true,"showVisualEffectGraphs":true,"m_FxEnabled":true},"in2DMode":false,"pivot":{"x":36.65587615966797,"y":0.33670806884765627,"z":49.95045471191406},"rotation":{"x":0.3879195749759674,"y":0.012434561736881733,"z":-0.005257218144834042,"w":0.9216248393058777},"size":65.53904724121094,"orthographic":false}