{"cameraMode":{"drawMode":0,"name":"Shaded","section":"Shading Mode"},"sceneLighting":true,"audioPlay":false,"sceneViewState":{"m_AlwaysRefresh":false,"showFog":true,"showSkybox":true,"showFlares":true,"showImageEffects":true,"showParticleSystems":true,"showVisualEffectGraphs":true,"m_FxEnabled":false},"in2DMode":false,"pivot":{"x":32.000343322753909,"y":-0.49999985098838808,"z":40.00077438354492},"rotation":{"x":0.25288379192352297,"y":0.04206616431474686,"z":-0.011028704233467579,"w":0.9665495157241821},"size":62.48481369018555,"orthographic":false}