{"cameraMode":{"drawMode":0,"name":"Shaded","section":"Shading Mode"},"sceneLighting":true,"audioPlay":false,"sceneViewState":{"m_AlwaysRefresh":false,"showFog":true,"showSkybox":true,"showFlares":true,"showImageEffects":true,"showParticleSystems":true,"showVisualEffectGraphs":true,"m_FxEnabled":false},"in2DMode":false,"pivot":{"x":108.1792984008789,"y":154.68299865722657,"z":-195.63034057617188},"rotation":{"x":0.25288379192352297,"y":0.04206616431474686,"z":-0.011028704233467579,"w":0.9665495157241821},"size":69.2116928100586,"orthographic":false}