{"cameraMode":{"drawMode":0,"name":"Shaded","section":"Shading Mode"},"sceneLighting":true,"audioPlay":false,"sceneViewState":{"m_AlwaysRefresh":false,"showFog":true,"showSkybox":true,"showFlares":true,"showImageEffects":true,"showParticleSystems":true,"showVisualEffectGraphs":true,"m_FxEnabled":false},"in2DMode":false,"pivot":{"x":6.773856163024902,"y":104.84333801269531,"z":64.95474243164063},"rotation":{"x":-0.5319035649299622,"y":-0.022768598049879075,"z":0.01411282829940319,"w":-0.8465084433555603},"size":116.96695709228516,"orthographic":false}