{"cameraMode":{"drawMode":0,"name":"Shaded","section":"Shading Mode"},"sceneLighting":true,"audioPlay":false,"sceneViewState":{"m_AlwaysRefresh":false,"showFog":true,"showSkybox":true,"showFlares":true,"showImageEffects":true,"showParticleSystems":true,"showVisualEffectGraphs":true,"m_FxEnabled":false},"in2DMode":false,"pivot":{"x":229.6785888671875,"y":-53.10047149658203,"z":65.02833557128906},"rotation":{"x":-0.41213947534561159,"y":0.006010700482875109,"z":-0.0027190083637833597,"w":-0.9110979437828064},"size":66.33032989501953,"orthographic":false}