{"cameraMode":{"drawMode":0,"name":"Shaded","section":"Shading Mode"},"sceneLighting":false,"audioPlay":false,"sceneViewState":{"m_AlwaysRefresh":false,"showFog":true,"showSkybox":false,"showFlares":true,"showImageEffects":true,"showParticleSystems":true,"showVisualEffectGraphs":true,"m_FxEnabled":true},"in2DMode":false,"pivot":{"x":0.0006899833679199219,"y":-0.49999985098838808,"z":16.001550674438478},"rotation":{"x":0.4937320649623871,"y":0.03780549764633179,"z":-0.021493669599294664,"w":0.8685542941093445},"size":11.324750900268555,"orthographic":false}