{"cameraMode":{"drawMode":0,"name":"Shaded","section":"Shading Mode"},"sceneLighting":false,"audioPlay":false,"sceneViewState":{"m_AlwaysRefresh":false,"showFog":true,"showSkybox":false,"showFlares":true,"showImageEffects":true,"showParticleSystems":true,"showVisualEffectGraphs":true,"m_FxEnabled":false},"in2DMode":false,"pivot":{"x":14.520658493041993,"y":1.3985962867736817,"z":-29.929880142211915},"rotation":{"x":-0.36332088708877566,"y":-0.08711917698383331,"z":0.0340249240398407,"w":-0.9270601868629456},"size":11.324751853942871,"orthographic":false}