{"cameraMode":{"drawMode":0,"name":"Shaded","section":"Shading Mode"},"sceneLighting":false,"audioPlay":false,"sceneViewState":{"m_AlwaysRefresh":false,"showFog":true,"showSkybox":false,"showFlares":true,"showImageEffects":true,"showParticleSystems":true,"showVisualEffectGraphs":true,"m_FxEnabled":true},"in2DMode":false,"pivot":{"x":48.00069046020508,"y":-0.49999985098838808,"z":32.001548767089847},"rotation":{"x":0.4123315215110779,"y":-0.038246601819992068,"z":0.017325343564152719,"w":0.9100928902626038},"size":11.324751853942871,"orthographic":false}