{"cameraMode":{"drawMode":0,"name":"Shaded","section":"Shading Mode"},"sceneLighting":false,"audioPlay":false,"sceneViewState":{"m_AlwaysRefresh":false,"showFog":true,"showSkybox":false,"showFlares":true,"showImageEffects":true,"showParticleSystems":true,"showVisualEffectGraphs":true,"m_FxEnabled":true},"in2DMode":false,"pivot":{"x":0.8457982540130615,"y":3.740105152130127,"z":6.473215579986572},"rotation":{"x":0.07412460446357727,"y":0.07472512125968933,"z":-0.005574830807745457,"w":0.9944552779197693},"size":12.591958045959473,"orthographic":false}