{"cameraMode":{"drawMode":0,"name":"Shaded","section":"Shading Mode"},"sceneLighting":false,"audioPlay":false,"sceneViewState":{"m_AlwaysRefresh":false,"showFog":true,"showSkybox":false,"showFlares":true,"showImageEffects":true,"showParticleSystems":true,"showVisualEffectGraphs":true,"m_FxEnabled":true},"in2DMode":false,"pivot":{"x":1.2869348526000977,"y":-3.299757480621338,"z":5.339239597320557},"rotation":{"x":0.07412460446357727,"y":0.07472512125968933,"z":-0.005574830807745457,"w":0.9944552779197693},"size":12.591958045959473,"orthographic":false}